,Closest City name,Closest Country code,Latitude,Longitude,Temperature,Wind speed,Humidity,Cloudiness
0,vengerovo,ru,55.68,76.74,54.86,16.13,63.0,20.0
1,adjumani,ug,3.38,31.79,65.12,2.93,98.0,32.0
2,pangai,to,-19.8,-174.35,77.0,9.17,69.0,40.0
3,eresos,gr,39.17,25.93,70.7,14.34,93.0,0.0
4,mushie,cd,-3.02,16.92,75.2,1.92,92.0,0.0
5,teahupoo,pf,-17.83,-149.27,84.2,8.05,58.0,20.0
6,quatre cocos,mu,-20.21,57.76,71.6,4.7,68.0,40.0
8,ulaangom,mn,49.98,92.07,36.68,2.59,41.0,0.0
10,chisec,gt,15.81,-90.29,71.33,1.81,100.0,64.0
11,monticello,us,33.63,-91.79,91.4,11.41,52.0,20.0
12,cuamba,mz,-14.8,36.54,55.76,5.17,94.0,0.0
13,neuquen,ar,-38.95,-68.06,42.8,5.82,70.0,0.0
14,astaneh-ye ashrafiyeh,ir,37.26,49.94,66.2,1.81,100.0,56.0
15,mengcheng,cn,33.26,116.57,73.85,4.72,78.0,0.0
17,olenegorsk,ru,68.14,33.28,45.05,4.61,63.0,80.0
18,haripur,in,30.52,77.84,64.4,2.82,67.0,0.0
19,nyurba,ru,63.29,118.35,65.75,7.63,43.0,8.0
20,coquimbo,cl,-29.95,-71.34,53.6,6.93,81.0,20.0
21,kavaratti,in,10.57,72.64,79.97,13.22,100.0,92.0
22,narasannapeta,in,18.42,84.04,79.61,2.26,99.0,24.0
23,tam ky,vn,15.57,108.48,82.4,4.7,78.0,20.0
24,costesti,ro,44.66,24.88,63.95,2.93,76.0,0.0
25,chimbote,pe,-9.08,-78.59,63.05,7.74,98.0,48.0
26,dingle,ie,52.14,-10.27,57.2,3.94,94.0,64.0
27,atherton,au,-17.27,145.48,75.2,14.99,53.0,20.0
28,nikolskoye,ru,59.7,30.79,42.8,2.24,60.0,20.0
29,ushuaia,ar,-54.81,-68.31,42.8,32.21,70.0,20.0
30,mason,us,39.36,-84.31,77.0,9.17,73.0,1.0
31,muros,es,42.77,-9.06,51.8,5.82,100.0,90.0
33,bang saphan,th,11.21,99.51,77.0,3.36,94.0,75.0
34,kaolinovo,bg,43.62,27.12,57.38,3.94,64.0,0.0
35,port alfred,za,-33.59,26.89,61.7,12.66,89.0,0.0
36,conde,br,-11.81,-37.61,77.45,9.19,83.0,44.0
37,tchaourou,bj,8.89,2.6,72.95,5.95,97.0,32.0
38,fort nelson,ca,58.81,-122.69,59.0,18.34,51.0,75.0
39,mahajanga,mg,-15.72,46.32,75.2,2.24,83.0,0.0
40,trinidad,uy,-33.52,-56.9,51.71,14.79,97.0,92.0
41,pitimbu,br,-7.47,-34.81,75.2,5.82,83.0,0.0
42,najran,sa,17.54,44.22,78.8,5.82,34.0,0.0
43,taoudenni,ml,22.68,-3.98,84.65,11.43,21.0,12.0
44,qaqortoq,gl,60.72,-46.03,44.6,2.24,65.0,36.0
45,valdez,ec,-1.98,-79.62,77.0,13.87,78.0,75.0
46,santa lucia,es,27.91,-15.54,66.2,20.8,68.0,40.0
47,diffa,ne,13.32,12.61,72.32,2.59,53.0,0.0
48,kovernino,ru,57.13,43.81,39.38,9.86,45.0,36.0
49,kavieng,pg,-2.57,150.8,79.43,8.63,100.0,68.0
50,kharan,pk,28.58,65.42,61.43,3.15,30.0,0.0
51,shingu,jp,33.72,135.99,69.8,12.75,64.0,75.0
52,kirakira,sb,-10.46,161.92,81.68,8.19,100.0,32.0
53,vung tau,vn,10.35,107.08,77.0,2.24,100.0,75.0
54,meadow lake,ca,54.13,-108.44,57.2,14.99,54.0,75.0
55,wanning,cn,18.8,110.4,85.55,3.94,99.0,0.0
56,cortez,us,37.35,-108.58,86.0,11.41,7.0,1.0
57,shetpe,kz,44.14,52.16,63.68,8.97,53.0,92.0
59,solnechnyy,ru,50.72,136.64,67.64,3.94,48.0,64.0
60,severo-kurilsk,ru,50.68,156.12,42.08,0.36,92.0,0.0
61,sinnamary,gf,5.38,-52.96,76.37,13.0,100.0,92.0
62,balkhash,kz,46.84,74.98,50.99,7.4,100.0,0.0
63,bubaque,gw,11.28,-15.83,78.8,3.36,74.0,0.0
64,atlantic beach,us,30.33,-81.4,82.4,8.05,94.0,75.0
65,terrace,ca,54.52,-128.61,62.6,17.22,36.0,90.0
67,maniwaki,ca,46.38,-75.98,70.25,8.41,92.0,80.0
68,voh,nc,-20.95,164.69,73.4,5.95,100.0,0.0
69,derzhavinsk,kz,51.1,66.31,60.62,23.51,41.0,12.0
70,swinoujscie,pl,53.91,14.25,69.8,6.93,60.0,0.0
71,graham,us,47.04,-122.28,64.4,4.7,71.0,75.0
72,alofi,nu,-19.06,-169.92,78.8,18.34,78.0,88.0
73,xinmin,cn,42.0,122.83,75.2,2.24,60.0,0.0
74,poum,nc,-20.23,164.02,73.58,9.42,100.0,0.0
75,iguatemi,br,-23.67,-54.56,71.15,11.43,61.0,0.0
76,zambrano,hn,14.27,-87.41,75.2,3.36,100.0,1.0
77,takab,ir,36.4,47.11,52.25,5.06,51.0,0.0
78,muli,mv,2.92,73.57,84.2,19.04,99.0,80.0
79,tianpeng,cn,28.88,112.34,66.02,6.51,100.0,88.0
81,la carolina,es,38.27,-3.62,52.25,2.48,76.0,0.0
82,scarborough,tt,11.18,-60.73,80.6,6.93,78.0,40.0
83,coxim,br,-18.5,-54.75,73.49,6.17,57.0,0.0
85,port-gentil,ga,-0.72,8.78,80.6,6.93,83.0,75.0
86,ulladulla,au,-35.36,150.48,53.6,16.11,58.0,75.0
87,fougeres,fr,48.35,-1.2,60.8,8.05,87.0,90.0
88,necochea,ar,-38.55,-58.74,46.67,12.55,81.0,56.0
89,sungaipenuh,id,-2.08,101.38,66.47,1.14,94.0,32.0
90,yuzhou,cn,34.16,113.47,73.4,2.24,69.0,8.0
91,geilo,no,60.53,8.21,52.25,2.37,100.0,44.0
93,kolokani,ml,13.58,-8.03,79.97,7.74,69.0,56.0
94,sangar,ru,63.92,127.47,51.35,5.17,56.0,0.0
95,dingli,mt,35.86,14.38,69.8,3.36,83.0,0.0
96,velika plana,rs,44.33,21.08,57.2,2.71,82.0,0.0
97,kuminskiy,ru,58.67,66.57,39.92,6.73,82.0,0.0
98,french harbor,hn,16.35,-86.43,84.2,23.04,74.0,75.0
99,belyy yar,ru,53.6,91.39,50.0,11.18,57.0,0.0
100,shizuishan,cn,39.02,106.36,59.9,3.94,49.0,88.0
101,evensk,ru,61.92,159.24,36.77,5.95,100.0,92.0
102,itoman,jp,26.12,127.67,78.8,10.29,83.0,1.0
103,sauk rapids,us,45.59,-94.17,82.4,6.93,57.0,40.0
104,okhotsk,ru,59.36,143.24,54.77,3.6,55.0,8.0
105,sooke,ca,48.37,-123.73,64.4,12.75,66.0,75.0
106,katrineholm,se,59.0,16.21,51.8,2.24,93.0,0.0
107,geraldton,au,-28.77,114.6,53.6,6.93,100.0,40.0
108,novopokrovka,ru,45.85,134.51,66.02,3.38,84.0,0.0
109,ushtobe,kz,45.25,77.98,46.94,3.15,55.0,76.0
110,millinocket,us,45.66,-68.71,84.2,4.7,35.0,1.0
112,lowestoft,gb,52.48,1.75,59.0,2.24,100.0,92.0
113,la reforma,mx,25.08,-108.06,96.8,9.17,30.0,5.0
114,damaturu,ng,11.75,11.96,72.68,3.38,71.0,0.0
115,tabou,ci,4.42,-7.36,81.05,7.52,100.0,56.0
116,gornopravdinsk,ru,60.06,69.92,48.02,4.94,97.0,92.0
119,vardo,no,70.37,31.11,44.87,11.65,90.0,92.0
120,williamsport,us,41.25,-77.0,73.4,4.05,78.0,90.0
121,imeni poliny osipenko,ru,52.42,136.49,63.23,6.29,44.0,92.0
122,otradnoye,ru,59.77,30.8,42.8,2.24,60.0,20.0
124,ekhabi,ru,53.51,142.97,58.64,10.76,61.0,0.0
125,yumen,cn,40.29,97.04,62.69,21.5,28.0,12.0
126,bundaberg,au,-24.87,152.35,58.46,16.69,100.0,0.0
127,kutum,sd,14.2,24.66,72.95,10.98,71.0,8.0
128,igrim,ru,63.19,64.42,39.2,2.15,94.0,88.0
129,shu,kz,43.6,73.76,52.43,7.63,33.0,0.0
130,cabedelo,br,-6.97,-34.84,75.2,5.82,83.0,0.0
133,harper,lr,4.38,-7.71,80.33,5.84,100.0,64.0
134,buraydah,sa,26.33,43.97,89.6,10.29,21.0,40.0
135,oktyabrskiy,ru,55.61,37.97,44.6,8.95,52.0,0.0
136,oum hadjer,td,13.3,19.7,80.33,9.53,46.0,0.0
137,novikovo,ru,51.15,37.89,48.92,11.32,42.0,0.0
138,almaznyy,ru,48.03,40.04,62.06,15.57,40.0,48.0
139,jeremie,ht,18.65,-74.12,79.07,3.49,100.0,76.0
140,baoqing,cn,46.32,132.2,74.66,3.71,53.0,0.0
141,malanje,ao,-9.54,16.35,61.25,2.37,80.0,0.0
142,shahr-e babak,ir,30.12,55.12,58.82,2.15,33.0,0.0
143,usinsk,ru,66.0,57.56,32.27,18.14,76.0,92.0
144,surt,ly,31.21,16.59,70.16,9.42,95.0,92.0
145,jacmel,ht,18.24,-72.54,80.6,16.35,97.0,24.0
146,dalhousie,in,32.54,75.98,64.22,2.04,45.0,44.0
147,port hedland,au,-20.31,118.58,69.8,6.93,100.0,75.0
148,dibai,in,28.21,78.26,83.3,11.43,62.0,0.0
149,rundu,na,-17.91,19.77,59.18,2.93,57.0,12.0
150,anloga,gh,5.79,0.9,80.6,8.05,83.0,20.0
151,rio pardo,br,-29.98,-52.37,62.78,4.83,99.0,92.0
152,urucara,br,-2.54,-57.76,80.24,3.49,79.0,0.0
153,maldonado,uy,-34.91,-54.96,55.4,16.11,93.0,90.0
155,tokur,ru,53.13,132.9,55.31,2.82,91.0,100.0
156,artvin,tr,41.18,41.83,64.4,8.05,88.0,75.0
157,rajula,in,21.04,71.44,78.26,6.96,96.0,0.0
158,great yarmouth,gb,52.61,1.73,55.4,2.24,100.0,36.0
159,bireun,id,5.2,96.7,81.68,5.73,100.0,24.0
161,portland,au,-33.35,149.98,46.85,6.4,70.0,0.0
162,lincoln,nz,-43.64,172.49,46.4,3.36,70.0,76.0
163,hithadhoo,mv,-0.6,73.08,83.93,15.12,100.0,56.0
164,riverton,us,43.02,-108.38,78.8,20.8,22.0,1.0
166,westport,nz,-41.75,171.6,47.48,2.37,95.0,0.0
167,ranong,th,9.96,98.62,77.0,6.93,94.0,75.0
168,fez,ma,34.03,-5.02,62.6,4.7,77.0,40.0
169,danane,ci,7.26,-8.15,72.32,3.6,97.0,92.0
170,santiago,ph,16.69,121.54,81.5,1.48,88.0,12.0
171,ternate,id,0.8,127.4,79.97,6.96,100.0,92.0
172,kodiak,us,39.95,-94.76,89.6,6.93,40.0,1.0
173,yarkovo,ru,54.81,82.6,51.8,8.95,71.0,0.0
178,krasnyy chikoy,ru,50.36,108.75,70.97,2.93,54.0,8.0
179,sharjah,ae,25.36,55.39,91.4,4.7,41.0,0.0
180,angra dos reis,br,-23.01,-44.32,60.8,1.81,87.0,0.0
181,nome,us,30.04,-94.42,87.8,10.29,66.0,1.0
182,kankaanpaa,fi,61.8,22.42,44.6,2.24,87.0,0.0
183,metro,id,-5.11,105.31,79.61,7.18,89.0,64.0
184,ardakan,ir,32.31,54.02,82.4,6.93,20.0,20.0
185,stykkisholmur,is,65.08,-22.73,43.25,5.5,100.0,64.0
186,trelew,ar,-43.25,-65.31,27.86,2.82,83.0,0.0
187,mugur-aksy,ru,50.38,90.44,28.58,2.48,57.0,0.0
188,sawakin,sd,19.1,37.33,77.99,4.27,78.0,8.0
189,upington,za,-28.46,21.24,41.0,3.36,66.0,0.0
190,prachuap khiri khan,th,11.81,99.79,75.11,3.6,85.0,36.0
191,kanniyakumari,in,8.08,77.57,79.97,19.6,100.0,48.0
192,zabaykalsk,ru,49.63,117.32,77.0,4.61,48.0,36.0
193,alta floresta,br,-9.87,-56.08,77.0,3.15,83.0,0.0
194,muravlenko,ru,63.79,74.5,40.28,19.6,87.0,92.0
195,tres picos,mx,16.23,-93.58,84.2,14.99,54.0,90.0
196,padang,id,-0.92,100.36,84.2,6.29,100.0,44.0
197,inndyr,no,67.03,14.03,48.2,12.75,100.0,75.0
198,zemio,cf,5.02,25.13,68.27,2.48,94.0,8.0
199,bredasdorp,za,-34.53,20.04,62.6,3.36,48.0,92.0
200,sidhpura,in,27.63,78.87,82.13,11.21,63.0,0.0
201,vao,nc,-22.67,167.48,73.4,13.0,100.0,0.0
202,savinskiy,ru,62.93,40.14,36.77,7.4,64.0,12.0
203,yermakovskoye,ru,53.28,92.4,48.92,6.4,64.0,12.0
204,saldanha,za,-33.01,17.94,59.0,27.51,93.0,92.0
205,heihe,cn,33.22,106.45,57.65,2.71,100.0,92.0
207,pareora,nz,-44.49,171.21,35.15,4.38,100.0,8.0
208,butterworth,za,-32.33,28.14,57.92,8.75,51.0,0.0
209,bredy,ru,52.43,60.33,45.68,5.39,95.0,92.0
210,kamaishi,jp,39.28,141.86,60.8,2.24,100.0,75.0
211,jining,cn,35.41,116.58,77.18,4.38,58.0,0.0
212,san onofre,co,9.74,-75.52,82.85,6.73,87.0,8.0
213,tynda,ru,55.15,124.74,61.7,3.83,81.0,64.0
214,pundaguitan,ph,6.37,126.17,80.87,4.83,100.0,80.0
215,emerald,au,-23.53,148.16,56.57,6.62,53.0,12.0
217,cerrito,py,-25.87,-56.87,66.02,2.37,99.0,92.0
218,cockburn town,bs,24.03,-74.52,79.61,14.0,93.0,0.0
221,auki,sb,-8.77,160.7,82.58,3.71,98.0,32.0
222,natal,br,-5.81,-35.21,77.0,5.82,83.0,75.0
223,chokurdakh,ru,70.62,147.9,29.66,7.18,100.0,8.0
224,zheleznodorozhnyy,ru,55.75,38.0,44.6,8.95,52.0,0.0
225,chancay,pe,-11.56,-77.27,60.62,4.72,98.0,32.0
226,kamskiye polyany,ru,55.43,51.42,37.4,17.9,69.0,75.0
227,acapulco,mx,16.86,-99.88,89.6,3.36,66.0,40.0
228,nizhniy tsasuchey,ru,50.52,115.13,74.48,4.72,83.0,0.0
229,manokwari,id,-0.87,134.08,80.69,2.93,100.0,48.0
230,pisco,pe,-13.71,-76.2,64.4,10.29,88.0,20.0
232,mount darwin,zw,-16.77,31.58,55.04,4.61,78.0,0.0
233,bethel,us,60.79,-161.76,50.0,4.7,61.0,90.0
234,grindavik,is,63.84,-22.43,42.8,6.93,87.0,90.0
235,lexington,us,38.05,-84.5,69.8,6.93,93.0,40.0
236,kedougou,sn,12.56,-12.19,79.97,6.4,67.0,12.0
237,sisimiut,gl,66.94,-53.67,32.81,17.02,95.0,92.0
238,muhos,fi,64.81,26.0,50.0,8.05,53.0,0.0
239,chaman,pk,30.92,66.45,52.43,3.38,45.0,0.0
240,hasaki,jp,35.73,140.83,71.6,14.99,56.0,40.0
241,cuenca,ec,-2.9,-79.0,66.2,5.82,52.0,75.0
244,carahue,cl,-38.71,-73.16,43.25,8.41,100.0,0.0
245,kirovskiy,ru,45.09,133.51,66.2,3.27,85.0,0.0
246,piet retief,za,-27.01,30.81,52.25,8.75,91.0,0.0
247,phan thiet,vn,10.93,108.1,79.52,7.18,100.0,48.0
248,gao,ml,16.28,-0.04,89.06,8.75,33.0,12.0
249,honiara,sb,-9.43,159.96,86.0,5.82,74.0,20.0
250,new norfolk,au,-42.78,147.06,46.4,8.05,70.0,75.0
251,pacifica,us,37.61,-122.49,69.8,18.34,71.0,75.0
252,otane,nz,-39.89,176.62,50.0,2.82,71.0,0.0
253,changde,cn,29.04,111.68,65.3,5.61,98.0,88.0
254,vertientes,cu,21.26,-78.15,80.6,13.87,74.0,75.0
255,barcelos,br,-0.97,-62.93,75.65,4.61,95.0,80.0
256,vestmannaeyjar,is,63.44,-20.27,45.68,10.2,93.0,0.0
257,praxedis guerrero,mx,31.37,-106.02,98.6,9.17,5.0,1.0
258,asuncion nochixtlan,mx,17.47,-97.23,77.18,5.39,27.0,0.0
259,victor harbor,au,-35.55,138.62,51.8,6.93,57.0,0.0
260,poronaysk,ru,49.22,143.1,58.28,5.17,77.0,0.0
261,spoleto,it,42.74,12.74,56.12,1.7,92.0,0.0
263,labuhan,id,-2.54,115.51,74.03,1.48,94.0,80.0
264,sitka,us,37.17,-99.65,86.09,10.42,56.0,0.0
265,yuncheng,cn,35.03,111.0,70.43,3.71,73.0,0.0
266,kungurtug,ru,50.6,97.53,35.24,7.4,95.0,92.0
267,zhezkazgan,kz,47.8,67.71,51.17,14.12,45.0,0.0
268,shahkot,in,31.08,75.34,83.03,9.75,60.0,0.0
271,nevers,fr,46.99,3.16,59.0,6.93,93.0,20.0
272,warrnambool,au,-38.38,142.48,51.53,6.29,100.0,0.0
273,margate,za,-30.86,30.37,63.23,6.17,82.0,0.0
274,baykit,ru,61.68,96.39,42.8,7.63,64.0,76.0
277,ponoka,ca,52.68,-113.59,55.4,10.29,66.0,90.0
278,uyuni,bo,-20.46,-66.82,32.63,7.96,25.0,0.0
279,fauske,no,67.26,15.4,48.2,12.75,100.0,75.0
280,meulaboh,id,4.14,96.13,80.6,5.5,100.0,56.0
281,ormond beach,us,29.29,-81.06,77.0,12.75,100.0,90.0
282,rikitea,pf,-23.12,-134.97,76.1,3.6,100.0,0.0
283,lachi,pk,33.38,71.34,66.11,2.71,78.0,24.0
284,yerofey pavlovich,ru,53.97,121.97,65.93,3.15,76.0,12.0
285,kargasok,ru,59.06,80.87,45.86,5.73,99.0,88.0
286,batagay-alyta,ru,67.8,130.41,44.87,3.83,65.0,24.0
287,port moresby,pg,-9.47,147.16,80.24,22.28,92.0,0.0
288,ylivieska,fi,64.07,24.53,51.26,8.41,43.0,0.0
289,jiuquan,cn,39.73,98.49,56.66,4.16,42.0,56.0
290,kangundo,ke,-1.3,37.35,62.6,3.36,93.0,20.0
291,westport,ie,53.8,-9.52,58.01,3.15,91.0,12.0
293,ola,ru,59.58,151.3,55.4,4.47,78.0,75.0
294,eyl,so,7.98,49.82,80.96,19.82,72.0,12.0
295,tomatlan,mx,19.93,-105.25,80.6,3.27,85.0,88.0
296,uglegorskiy,ru,48.24,41.25,62.78,16.58,39.0,68.0
297,placido de castro,br,-10.34,-67.19,72.95,2.04,97.0,0.0
298,agde,fr,43.31,3.47,62.6,3.36,93.0,0.0
299,east london,za,-33.02,27.91,70.07,17.69,100.0,0.0
300,port blair,in,11.67,92.75,82.04,12.21,100.0,76.0
301,port hardy,ca,50.7,-127.42,57.2,13.87,54.0,40.0
302,berbera,so,10.44,45.01,81.59,4.16,57.0,92.0
303,korla,cn,41.76,86.15,47.3,3.71,54.0,0.0
304,zhuanghe,cn,39.7,122.97,70.25,6.06,70.0,0.0
305,dawson creek,ca,55.76,-120.23,57.2,11.41,62.0,20.0
307,lebu,cl,-37.62,-73.65,51.98,23.06,100.0,0.0
308,vanavara,ru,60.35,102.28,57.65,6.85,70.0,44.0
309,bathsheba,bb,13.22,-59.52,78.8,19.46,83.0,40.0
310,dongsheng,cn,29.72,112.52,68.9,6.96,86.0,68.0
311,luis correia,br,-2.88,-41.67,82.67,11.21,68.0,68.0
315,olinda,br,-22.82,-43.41,75.2,4.7,69.0,0.0
316,ust-nera,ru,64.57,143.24,39.65,2.59,77.0,36.0
317,phayao,th,19.17,99.9,74.93,1.36,92.0,8.0
318,povenets,ru,62.85,34.83,33.53,2.82,88.0,24.0
319,kapaa,us,22.08,-159.32,80.6,14.99,74.0,75.0
320,yangjiang,cn,21.85,111.96,84.38,4.72,100.0,8.0
321,severnoye,ru,54.09,52.54,35.33,9.19,84.0,44.0
322,cairo,eg,30.05,31.24,75.2,6.93,78.0,0.0
324,mastic beach,us,40.77,-72.85,66.2,14.99,93.0,90.0
325,karcag,hu,47.31,20.92,66.2,3.36,72.0,0.0
327,shakhunya,ru,57.68,46.61,34.7,6.85,57.0,12.0
328,chiang khong,th,20.26,100.4,75.2,2.24,100.0,40.0
329,esso,ru,55.93,158.7,34.43,2.93,91.0,64.0
330,vagur,fo,61.47,-6.81,49.82,13.44,96.0,0.0
331,dikson,ru,73.51,80.55,24.53,4.38,100.0,76.0
332,puyo,ec,-1.48,-78.0,60.62,2.37,98.0,56.0
333,jamestown,us,41.5,-71.37,69.8,8.05,77.0,90.0
334,todos santos,mx,23.45,-110.23,95.0,6.93,22.0,5.0
335,dunedin,nz,-45.87,170.5,37.22,4.05,81.0,0.0
336,zarkos,gr,39.61,22.12,60.35,2.59,81.0,0.0
337,norrtalje,se,59.76,18.7,48.2,3.36,70.0,0.0
338,ridgecrest,us,35.62,-117.67,78.26,15.12,9.0,0.0
339,hun,ly,29.13,15.95,80.51,6.62,24.0,76.0
340,tigil,ru,57.8,158.67,42.17,17.47,98.0,92.0
341,kearney,us,40.7,-99.08,87.8,6.93,35.0,1.0
342,kloulklubed,pw,7.04,134.26,82.4,3.36,83.0,75.0
343,belaya gora,ru,68.54,146.19,40.1,9.53,79.0,0.0
345,sumbe,ao,-11.2,13.84,72.41,6.4,100.0,20.0
346,bulgan,mn,48.81,103.53,72.77,3.49,62.0,20.0
347,ostrovnoy,ru,68.05,39.51,25.97,4.38,88.0,32.0
348,liverpool,ca,44.04,-64.71,56.93,14.56,72.0,0.0
349,xichang,cn,27.88,102.25,51.98,1.25,99.0,92.0
350,lakes entrance,au,-37.88,147.99,53.42,11.43,93.0,92.0
351,nauchnyy gorodok,ru,53.42,83.52,50.0,15.66,57.0,40.0
352,constantine,dz,36.36,6.61,57.2,2.15,93.0,0.0
353,trairi,br,-3.28,-39.27,81.68,20.38,100.0,12.0
354,otjimbingwe,na,-22.35,16.13,48.29,2.82,66.0,0.0
355,pavino,ru,55.02,82.61,51.8,8.95,71.0,0.0
356,faanui,pf,-16.48,-151.75,81.68,10.76,100.0,68.0
357,port lincoln,au,-34.72,135.86,55.76,14.45,96.0,68.0
358,edd,er,13.93,41.69,79.97,3.6,51.0,36.0
359,semirom,ir,31.41,51.57,47.03,1.92,62.0,0.0
360,okato,nz,-39.19,173.88,52.97,9.75,100.0,0.0
361,nurota,uz,40.56,65.69,62.6,9.17,33.0,0.0
362,nybro,se,56.75,15.91,53.6,4.7,93.0,0.0
363,lekoni,ga,-1.58,14.26,71.42,2.71,92.0,8.0
364,manavalakurichi,in,8.13,77.3,78.8,2.24,94.0,75.0
365,flinders,au,-34.58,150.85,53.6,16.11,58.0,75.0
366,georgetown,sh,-7.93,-14.42,80.42,20.83,100.0,12.0
367,nueva gerona,cu,21.88,-82.8,81.77,7.18,86.0,92.0
368,putina,pe,-14.91,-69.87,50.0,3.36,39.0,0.0
369,mezen,ru,65.85,44.24,33.98,6.85,72.0,64.0
370,kalakamati,bw,-20.59,27.31,52.25,3.15,70.0,0.0
371,kushiro,jp,43.11,144.15,57.2,13.87,62.0,75.0
373,akureyri,is,65.68,-18.09,46.4,4.7,87.0,0.0
374,voyvozh,ru,62.89,54.96,31.91,18.48,83.0,88.0
375,zilupe,lv,56.39,28.12,47.93,7.07,60.0,0.0
376,hartland,us,41.18,-82.49,82.4,10.29,51.0,20.0
377,mokhsogollokh,ru,61.4,128.95,59.54,4.94,53.0,44.0
378,arman,ru,59.7,150.17,55.4,4.47,72.0,75.0
379,terra roxa,br,-20.79,-48.33,68.0,6.4,49.0,0.0
380,hojo,jp,33.98,132.78,71.6,4.7,56.0,20.0
381,tres arroyos,ar,-38.38,-60.28,44.15,8.86,75.0,24.0
382,coihaique,cl,-45.58,-72.07,28.4,1.92,100.0,0.0
383,ouesso,cg,1.61,16.05,72.68,2.71,96.0,80.0
384,hadejia,ng,12.45,10.04,78.17,5.73,58.0,8.0
385,walvis bay,na,-22.95,14.51,48.2,3.36,87.0,0.0
386,sayyan,ye,15.17,44.32,63.23,3.6,42.0,0.0
387,mitsamiouli,km,-11.38,43.28,78.35,11.65,100.0,36.0
388,champerico,gt,14.3,-91.92,75.2,3.15,94.0,90.0
389,saint-philippe,re,-21.36,55.77,69.8,9.17,52.0,75.0
390,tazovskiy,ru,67.47,78.7,30.47,10.87,100.0,48.0
392,kencong,id,-7.78,112.24,69.53,4.38,83.0,36.0
393,leh,in,34.16,77.58,21.38,1.7,94.0,80.0
394,bafra,tr,41.57,35.91,62.6,4.7,82.0,40.0
395,albertville,fr,45.68,6.39,55.4,3.36,100.0,8.0
396,woodward,us,36.43,-99.39,91.4,10.09,29.0,1.0
397,tarata,pe,-17.47,-70.03,32.18,1.03,67.0,8.0
398,dharmadam,in,11.78,75.43,74.84,2.15,98.0,92.0
399,ciudad bolivar,ve,8.12,-63.55,85.55,14.9,56.0,56.0
400,tiksi,ru,71.64,128.87,30.65,4.5,100.0,48.0
401,aginskoye,ru,51.11,114.54,75.65,4.5,68.0,0.0
402,rorvik,no,64.86,11.24,49.91,3.15,99.0,56.0
403,ibra,om,22.69,58.55,70.52,2.26,36.0,0.0
404,suntar,ru,62.16,117.65,66.29,6.73,45.0,8.0
407,pucallpa,pe,-8.38,-74.54,80.6,3.36,83.0,20.0
408,inuvik,ca,68.36,-133.71,68.0,14.99,32.0,75.0
409,marsh harbour,bs,26.54,-77.06,79.07,11.1,100.0,12.0
410,sorong,id,-0.86,131.25,76.73,1.48,100.0,92.0
411,bethlehem,za,-28.23,28.31,48.38,6.73,97.0,56.0
412,lobito,ao,-12.35,13.55,62.6,2.37,92.0,0.0
413,road town,vg,18.42,-64.62,82.4,6.93,65.0,40.0
414,mallow,ie,52.14,-8.65,60.8,2.24,100.0,75.0
415,bowen,au,-20.01,148.25,62.6,6.93,42.0,0.0
417,bulanon,ph,10.92,123.47,81.77,3.71,100.0,48.0
418,praya,id,-8.71,116.27,75.2,9.64,94.0,20.0
419,bandarbeyla,so,9.49,50.81,78.71,23.06,86.0,64.0
421,maragogi,br,-9.01,-35.22,73.13,6.73,94.0,44.0
422,leshukonskoye,ru,64.9,45.76,34.16,7.96,64.0,76.0
423,dire dawa,et,9.59,41.86,60.8,2.59,87.0,48.0
424,kuusamo,fi,65.96,29.19,44.6,1.12,75.0,0.0
425,bluff,nz,-46.6,168.33,44.6,3.6,100.0,0.0
426,oranjestad,aw,12.52,-70.03,82.4,21.92,78.0,20.0
427,saeby,dk,57.33,10.52,66.65,9.42,86.0,0.0
428,bastrop,us,32.78,-91.91,91.4,5.82,55.0,1.0
429,chernyshevskiy,ru,63.01,112.47,59.18,5.84,59.0,0.0
430,nanortalik,gl,60.14,-45.24,34.79,5.95,94.0,0.0
431,caravelas,br,-17.73,-39.27,76.19,11.43,100.0,8.0
432,harrison,ph,13.45,120.43,82.85,4.61,100.0,20.0
433,waipawa,nz,-39.94,176.59,52.7,2.37,74.0,12.0
434,naberera,tz,-4.2,36.93,62.24,3.94,97.0,68.0
435,havre-saint-pierre,ca,50.23,-63.6,55.4,4.7,50.0,20.0
436,launceston,au,-41.43,147.14,41.0,6.93,80.0,0.0
439,ndele,cf,8.41,20.65,73.58,7.74,95.0,12.0
440,batemans bay,au,-35.71,150.18,53.96,12.77,92.0,92.0
441,tananger,no,58.94,5.59,64.4,3.36,82.0,8.0
442,dickson,us,36.08,-87.39,84.2,6.93,88.0,20.0
443,lakhimpur,in,27.24,94.1,73.04,3.94,92.0,100.0
444,dhidhdhoo,mv,6.88,73.1,82.49,19.82,100.0,56.0
445,keti bandar,pk,24.14,67.45,83.75,13.0,100.0,100.0
446,scarborough,gb,54.28,-0.41,59.0,2.24,93.0,88.0
447,inhambane,mz,-23.87,35.38,69.62,11.65,100.0,0.0
448,chupa,ru,66.27,33.05,45.05,5.73,51.0,76.0
449,victoria,co,5.32,-74.91,62.6,1.36,88.0,75.0
450,narva-joesuu,ee,59.46,28.04,49.1,4.5,97.0,0.0
451,tongliao,cn,43.61,122.27,82.58,5.17,42.0,0.0
452,keetmanshoop,na,-26.57,18.15,31.82,3.04,61.0,0.0
454,petropavlovsk-kamchatskiy,ru,53.05,158.65,57.2,8.95,59.0,0.0
455,namatanai,pg,-3.66,152.44,81.23,4.94,100.0,64.0
456,krasnyy kut,ru,47.1,40.67,42.8,6.71,100.0,90.0
459,presidencia roque saenz pena,ar,-26.79,-60.44,58.91,16.69,97.0,92.0
461,richards bay,za,-28.77,32.06,62.24,6.4,84.0,0.0
462,ipaba,br,-19.41,-42.42,53.15,2.37,92.0,0.0
464,helong,cn,25.94,116.13,71.33,3.49,89.0,100.0
465,cidreira,br,-30.17,-50.22,63.77,5.17,95.0,88.0
466,bilma,ne,18.69,12.92,72.23,2.71,24.0,0.0
467,touros,br,-5.2,-35.46,77.0,13.44,96.0,68.0
468,awjilah,ly,29.14,21.3,78.35,11.65,29.0,0.0
469,bukachacha,ru,52.99,116.91,73.31,3.38,53.0,0.0
470,san juan,us,26.19,-98.16,95.0,13.87,50.0,1.0
471,kamenka,ru,53.19,44.05,38.03,10.42,43.0,0.0
472,butaritari,ki,3.07,172.79,82.31,14.56,100.0,68.0
473,aranos,na,-24.14,19.11,40.46,5.17,29.0,0.0
474,windhoek,na,-22.57,17.08,55.4,1.12,48.0,0.0
475,bichena,et,10.45,38.2,58.01,0.92,98.0,100.0
476,ust-kuyga,ru,70.0,135.55,45.5,3.27,81.0,32.0
477,tonantins,br,-2.86,-67.77,80.42,7.29,80.0,36.0
478,kudahuvadhoo,mv,2.67,72.89,83.12,15.79,100.0,24.0
479,bealanana,mg,-14.54,48.75,48.02,2.71,87.0,0.0
480,norman wells,ca,65.28,-126.83,69.8,10.29,32.0,75.0
482,pombas,cv,17.15,-25.02,70.7,12.77,100.0,0.0
483,gampaha,lk,7.09,80.0,80.6,10.29,88.0,40.0
484,tete,mz,-16.16,33.59,60.44,4.72,77.0,0.0
485,hobart,au,-42.88,147.33,48.2,11.41,70.0,75.0
486,sembakung,id,3.82,117.25,74.3,2.48,100.0,88.0
487,sechura,pe,-5.56,-80.82,70.34,12.21,81.0,0.0
489,agadez,ne,16.97,7.99,80.06,5.95,20.0,0.0
490,hoquiam,us,46.98,-123.89,64.4,11.41,62.0,75.0
491,katherine,au,-14.47,132.26,75.2,16.11,44.0,0.0
492,augusto correa,br,-1.02,-46.63,76.37,3.49,91.0,8.0
493,garowe,so,8.41,48.48,81.32,19.26,58.0,0.0
495,piney green,us,35.09,-78.48,82.4,5.82,74.0,1.0
496,burnie,au,-41.05,145.91,51.35,5.17,100.0,0.0
497,antropovo,ru,55.25,37.65,44.6,8.95,52.0,0.0
498,bom jesus da lapa,br,-13.25,-43.41,75.02,10.2,57.0,64.0
499,qianan,cn,44.99,124.06,82.13,10.42,44.0,0.0
500,kahului,us,20.89,-156.47,82.4,6.93,61.0,90.0
501,jales,br,-20.27,-50.55,65.84,3.94,62.0,0.0
502,ratnagiri,in,16.98,73.3,82.67,3.6,100.0,36.0
503,mount gambier,au,-37.83,140.78,46.4,4.83,83.0,24.0
504,tingi,tz,-11.3,35.03,71.78,4.61,100.0,0.0
505,christchurch,nz,-43.53,172.64,46.4,3.36,70.0,8.0
507,bagdarin,ru,54.44,113.59,65.66,2.93,44.0,0.0
508,lucapa,ao,-8.42,20.74,63.41,2.26,79.0,0.0
509,glenluce,gb,54.88,-4.81,58.82,5.17,86.0,32.0
510,salina,us,36.29,-95.15,87.8,6.93,74.0,1.0
511,pokrovsk,ru,61.48,129.14,59.54,4.94,53.0,44.0
512,polovinnoye,ru,54.79,65.99,46.85,8.19,94.0,88.0
514,coahuayana,mx,18.62,-100.35,91.58,2.93,32.0,0.0
515,flin flon,ca,54.77,-101.88,48.2,12.75,70.0,90.0
516,mareeba,au,-16.99,145.42,75.2,21.92,47.0,20.0
517,junagarh,in,19.86,82.94,75.02,2.71,89.0,0.0
518,lichinga,mz,-13.3,35.25,52.52,2.71,86.0,0.0
520,long eaton,gb,52.9,-1.27,59.0,4.7,100.0,90.0
521,mollendo,pe,-17.03,-72.02,52.52,2.82,91.0,20.0
522,tevriz,ru,57.51,72.4,55.49,11.21,66.0,92.0
523,hilo,us,19.71,-155.08,71.6,3.36,94.0,90.0
524,wewak,pg,-3.55,143.63,76.37,2.59,100.0,56.0
525,cherskiy,ru,68.75,161.3,46.4,2.48,69.0,64.0
526,umm lajj,sa,25.02,37.27,72.5,7.96,100.0,0.0
527,peruibe,br,-24.32,-47.0,72.14,14.79,100.0,0.0
528,charlestown,kn,17.13,-62.62,78.8,13.87,78.0,20.0
530,paamiut,gl,61.99,-49.67,37.76,32.68,92.0,92.0
531,the valley,ai,18.22,-63.06,80.6,12.75,74.0,20.0
532,homer,us,59.64,-151.54,53.6,9.17,54.0,40.0
533,alto araguaia,br,-17.32,-53.22,69.98,7.4,59.0,12.0
534,inirida,co,3.87,-67.92,77.72,2.15,87.0,8.0
535,yar-sale,ru,66.83,70.83,32.9,22.84,95.0,88.0
536,merrill,us,42.03,-121.6,55.4,16.11,47.0,1.0
537,aksarka,ru,66.56,67.8,32.27,23.06,97.0,92.0
538,praia da vitoria,pt,38.73,-27.07,66.2,16.46,93.0,20.0
539,rahuri,in,19.39,74.65,73.22,3.94,97.0,20.0
540,upata,ve,8.02,-62.41,72.32,4.72,96.0,88.0
541,asyut,eg,27.18,31.19,68.63,2.59,45.0,0.0
542,antofagasta,cl,-23.65,-70.4,59.0,10.29,72.0,75.0
543,sao felix do xingu,br,-6.64,-51.99,81.95,3.71,54.0,12.0
544,virginia beach,us,36.85,-75.98,80.6,5.82,78.0,75.0
545,ossora,ru,59.24,163.07,38.66,4.38,98.0,8.0
546,labuan,my,5.33,115.2,78.8,4.7,88.0,90.0
547,hambantota,lk,6.12,81.12,78.35,13.67,100.0,64.0
548,vigrestad,no,58.57,5.7,64.4,1.12,72.0,0.0
549,naron,es,43.52,-8.15,55.4,9.17,87.0,92.0
550,mount isa,au,-20.73,139.49,64.4,10.29,18.0,0.0
551,santo anastacio,br,-21.84,-51.61,69.71,6.17,58.0,0.0
552,morondava,mg,-20.3,44.28,65.39,1.59,100.0,0.0
554,platanos,gr,35.47,23.6,64.4,4.7,72.0,20.0
555,aklavik,ca,68.22,-135.01,68.0,10.29,57.0,75.0
556,hofn,is,64.25,-15.21,47.75,6.62,94.0,0.0
557,nazarovo,ru,56.01,90.42,49.01,13.78,65.0,80.0
558,ukiah,us,39.15,-123.21,66.2,12.75,37.0,1.0
559,mehamn,no,71.03,27.85,43.52,3.83,98.0,92.0
560,pakxe,la,15.12,105.78,73.85,3.6,100.0,68.0
561,punta arenas,cl,-53.16,-70.91,42.8,24.16,70.0,75.0
562,upernavik,gl,72.79,-56.15,34.88,4.38,85.0,76.0
563,mogadishu,so,2.04,45.34,78.62,15.79,100.0,36.0
564,shreveport,us,32.52,-93.77,93.2,6.93,46.0,1.0
565,ponta do sol,cv,17.2,-25.09,70.7,12.77,100.0,0.0
566,ouadda,cf,8.07,22.4,66.02,2.93,94.0,12.0
568,cayenne,gf,4.94,-52.33,77.0,6.93,100.0,75.0
569,canoinhas,br,-26.18,-50.4,54.95,5.5,87.0,8.0
570,bonavista,ca,48.65,-53.11,38.57,20.49,93.0,92.0
571,valdivia,cl,-39.81,-73.25,42.8,4.7,81.0,0.0
572,tura,ru,64.27,100.22,36.68,3.27,68.0,0.0
573,katsuura,jp,33.93,134.5,66.2,6.93,68.0,20.0
574,ixtapa,mx,20.71,-105.21,86.0,14.99,74.0,5.0
576,khipro,pk,25.83,69.38,85.55,12.44,62.0,0.0
577,sioux lookout,ca,50.1,-91.92,50.0,4.7,81.0,90.0
578,okhtyrka,ua,50.31,34.89,52.97,12.66,41.0,0.0
579,tuatapere,nz,-46.13,167.69,48.56,2.93,100.0,0.0
580,alugan,ph,12.22,125.48,83.48,2.93,98.0,32.0
581,xai-xai,mz,-25.04,33.64,69.98,12.55,100.0,0.0
582,maniitsoq,gl,65.42,-52.9,33.71,32.91,94.0,92.0
583,kemise,et,10.72,39.87,54.05,1.7,97.0,68.0
584,acajutla,sv,13.59,-89.83,87.8,6.93,79.0,20.0
585,abashiri,jp,44.01,144.25,44.6,11.41,93.0,75.0
587,san pedro,ar,-33.68,-59.66,50.99,18.37,100.0,92.0
588,lincoln,ar,-34.87,-61.53,47.03,10.65,85.0,48.0
589,puerto del rosario,es,28.5,-13.86,66.2,18.34,77.0,75.0
590,castro,cl,-42.48,-73.76,38.21,6.29,100.0,20.0
591,fortuna,us,40.6,-124.16,59.0,12.75,62.0,1.0
592,barauna,br,-14.07,-42.49,66.47,10.98,76.0,8.0
593,takoradi,gh,4.89,-1.75,79.61,7.18,100.0,0.0
594,alyangula,au,-13.85,136.42,81.05,13.89,84.0,0.0
595,iwanai,jp,42.97,140.51,55.85,8.19,94.0,0.0
596,pemba,mz,-12.97,40.52,69.8,8.05,83.0,20.0
597,valparaiso,cl,-33.04,-71.63,50.0,3.15,66.0,0.0
598,kysyl-syr,ru,63.9,122.77,57.11,6.85,45.0,20.0
599,copiapo,cl,-27.37,-70.33,57.2,4.7,82.0,90.0
